query,value,seed
silk beverage listeria settlement,12400,beverage
popular beverage brand nyt,3500,beverage
monster beverage aktiensplit,2850,beverage
rapid kl train food beverage policy,1350,beverage
monster beverage aktie,450,beverage
costco key lime dessert cups,8850,dessert
publix tiktok dessert trend,2700,dessert
portillo's dr pepper dessert,2400,dessert
new nothing bundt cakes dessert,2350,dessert
david protein frozen dessert pints,2250,dessert
unicorn starbucks drink,1250,drink
am i ight if i drink evil water,1100,drink
cardiologist energy drink warning,950,drink
mcdonalds redbull drink,800,drink
uk fast food in america,550,fast food
fast food restuarants,300,fast food
where to buy organic food,1200,organic food
wellhealthorganic organic food benefits,950,organic food
organic food delivery,300,organic food
aldi game day snack container,17350,snack
cheez-it coors light snack,8000,snack
little debbie new snack release,6700,snack
shake up your snack routine,6400,snack
prince louis favorite snack,5950,snack
